title,description,content,publish_date,source,sentiment_title,sentiment_description,date,title_des
look ahead outsourcing trends,opportunities abound bpo leaders,"Vidya Plainfield - Growth Officer at TechSpeed Inc.
getty
2024 was a year marked by growth in the global outsourcing sector and even more rapid growth in the use of AI-powered solutions for core bu… [+6500 chars]",2025-04-07T12:45:00Z,Forbes,0.0,0.0,2025-04-07 12:45:00+00:00,look ahead outsourcing trends opportunities abound bpo leaders
key cybersecurity challenges trends observations,cybersecurity gaining significant momentum however still many challenges address,"Digital 2025 Sign on Computer Code. 3D Render
getty
In 2025, cybersecurity is gaining significant momentum. However, there are still many challenges to address. The ecosystem remains unstable in sp… [+15425 chars]",2025-04-05T23:34:46Z,Forbes,0.0,0.4375,2025-04-05 23:34:46+00:00,key cybersecurity challenges trends observations cybersecurity gaining significant momentum however still many challenges address
master world information technology,information technology backbone digital transformation driving innovation improving business efficiency enhancing communication whether youre novice looking understand fundamentals expert seeking latest trends,"Information Technology (IT) is the backbone of digital transformation, driving innovation, improving business efficiency, and enhancing communication. Whether you’re a novice looking to understand th… [+6332 chars]",2025-04-03T18:14:15Z,Typeforyou.org,0.0,0.25,2025-04-03 18:14:15+00:00,master world information technology information technology backbone digital transformation driving innovation improving business efficiency enhancing communication whether youre novice looking understand fundamentals expert seeking latest trends
ai manufacturing copilots agents,ai already proven abilities manufacturing much control given,"Raj Badarinath is Chief Product &amp; Marketing Officer at Rootstock Software, a recognized leader in the Manufacturing Cloud ERP space.
getty
In the race to adopt AI in manufacturing, companies fa… [+5402 chars]",2025-04-01T12:45:00Z,Forbes,0.0,0.2,2025-04-01 12:45:00+00:00,ai manufacturing copilots agents ai already proven abilities manufacturing much control given
top promising technology trends digital marketing,digital marketing adapts fastpaced consumer behavior trends pursuing innovative ideas engagement customer support content however difficult marketers gauge longterm effects strategies considering must,"Digital marketing adapts to fast-paced consumer behavior trends by pursuing innovative ideas for engagement, customer support, and content. However, it has been difficult for marketers to gauge the l… [+6171 chars]",2025-04-02T15:29:07Z,Almostfearless.com,0.2333333333333333,0.0,2025-04-02 15:29:07+00:00,top promising technology trends digital marketing digital marketing adapts fastpaced consumer behavior trends pursuing innovative ideas engagement customer support content however difficult marketers gauge longterm effects strategies considering must
guide nearshoring europe,nearshoring landscape continues evolve seize opportunity today position forefront global competitiveness tomorrow,"Nuno Godinho is the Chief Information Officer at velv.
getty
I have over a decade of experience in nearshoring, involving extensive dialogue with clients and partners across various industries and … [+6477 chars]",2025-04-03T11:00:00Z,Forbes,0.0,0.0,2025-04-03 11:00:00+00:00,guide nearshoring europe nearshoring landscape continues evolve seize opportunity today position forefront global competitiveness tomorrow
tariffs may impact wallet tips minimize,ways consumers navigate impact tariffs personal finances,"Gabriela Berrospi is the founder of the Latino Wall Street movement, which provides financial education to the Latino community.
getty
In todays interconnected global economy, tariffs are a key too… [+5159 chars]",2025-04-03T11:45:00Z,Forbes,0.0,0.0,2025-04-03 11:45:00+00:00,tariffs may impact wallet tips minimize ways consumers navigate impact tariffs personal finances
ar discipline key revenue quality saas leaders,strong focus managing receivables makes stark difference quality revenue scores,"Dean Kaplan is president of The Kaplan Group. He writes about business debt collection &amp; contract negotiations &amp; provides financial advice.
getty
In our data-rich world, business metrics co… [+5593 chars]",2025-04-03T13:00:00Z,Forbes,0.0,0.11666666666666664,2025-04-03 13:00:00+00:00,ar discipline key revenue quality saas leaders strong focus managing receivables makes stark difference quality revenue scores
methodology,report based pair pew research center surveys series indepth interviews draws nationally representative survey us adults members centers american trends panel atp survey usbased experts art,This report is based on a pair of Pew Research Center surveys and a series of in-depth interviews. It draws on a nationally representative survey of U.S. adults who are members of the Centers America… [+19624 chars],2025-04-03T13:54:39Z,Pew Research Center,0.0,-0.05,2025-04-03 13:54:39+00:00,methodology report based pair pew research center surveys series indepth interviews draws nationally representative survey us adults members centers american trends panel atp survey usbased experts art
insurers cios urged lead ethical ai adoption,artificial intelligence continues reshape industries globally nigerian insurers chief information officers tasked taking lead adopting technology responsibly drive innovation safeguarding risks speaki,"As artificial intelligence continues to reshape industries globally, Nigerian insurers and chief information officers have been tasked with taking the lead in adopting the technology responsibly to d… [+2610 chars]",2025-04-07T00:38:40Z,The Punch,0.2,-0.13333333333333333,2025-04-07 00:38:40+00:00,insurers cios urged lead ethical ai adoption artificial intelligence continues reshape industries globally nigerian insurers chief information officers tasked taking lead adopting technology responsibly drive innovation safeguarding risks speaki
ai adoption gap preparing us government advanced ai,published april pm gmtadvanced ai could unlock era enlightened competent government action without smart active investment well squander opportunity barrel blindly dangerexecutive summarytabletrtdsee als,"Advanced AI could unlock an era of enlightened and competent government action. But without smart, active investment, well squander that opportunity and barrel blindly into danger.
The US federal go… [+45973 chars]",2025-04-02T23:46:38Z,Lesswrong.com,0.4,0.036190476190476197,2025-04-02 23:46:38+00:00,ai adoption gap preparing us government advanced ai published april pm gmtadvanced ai could unlock era enlightened competent government action without smart active investment well squander opportunity barrel blindly dangerexecutive summarytabletrtdsee als
applovin corp app among unstoppable stocks could double money,recently published list unstoppable stocks could double money article going take look applovin,"We recently published a list of 10 Unstoppable Stocks That Could Double Your Money. In this article, we are going to take a look at where AppLovin Corporation (NASDAQ:APP) stands against other unstop… [+8258 chars]",2025-04-05T21:24:02Z,Yahoo Entertainment,0.0,0.0,2025-04-05 21:24:02+00:00,applovin corp app among unstoppable stocks could double money recently published list unstoppable stocks could double money article going take look applovin
forbes daily trumps sweeping new tariffs leave markets edge,todays forbes daily newsletter covers trumps tariffs world reactions futures indexes fall elon musks potential doge exit tiktok buyers line,"As more workers use AI, companies face a growing risk that their proprietary information could be inadvertently plugged into tools like ChatGPT, increasing the chance of a damaging leak. Thats where … [+8368 chars]",2025-04-03T12:01:30Z,Forbes,0.06818181818181818,0.0,2025-04-03 12:01:30+00:00,forbes daily trumps sweeping new tariffs leave markets edge todays forbes daily newsletter covers trumps tariffs world reactions futures indexes fall elon musks potential doge exit tiktok buyers line
remote jobs paying posted full time benefits,remote jobs accepting applications salaries range k k per year three jobs topping near k,"11 Remote Jobs Paying $190,000+ Posted: Full Time With Benefits
getty
Here are 11 remote jobs that are accepting applications now. The salaries range from $190K up to $360K per year with three of t… [+12895 chars]",2025-04-01T02:54:44Z,Forbes,0.12499999999999999,0.0,2025-04-01 02:54:44+00:00,remote jobs paying posted full time benefits remote jobs accepting applications salaries range k k per year three jobs topping near k
indonesian nickel new issue mine live,issue future worlds leading nickel producer autonomous drilling exploration powering mines extreme temperatures,"In the April 2025 issue of MINE magazine, we look at Indonesia's nickel mining landscape, explore how critical minerals supply chains are impacting the defence sector and examine some of the tech tre… [+2309 chars]",2025-04-03T15:08:23Z,Mining Technology,0.13636363636363635,0.09166666666666667,2025-04-03 15:08:23+00:00,indonesian nickel new issue mine live issue future worlds leading nickel producer autonomous drilling exploration powering mines extreme temperatures
comfort systems usa inc fix best engineering stock invest,recently published list best engineering stocks invest article going take look comfort systems usa inc,"We recently published a list of 11 Best Engineering Stocks to Invest in Now. In this article, we are going to take a look at where Comfort Systems USA Inc. (NYSE:FIX) stands against other best engine… [+5825 chars]",2025-04-02T19:53:14Z,Yahoo Entertainment,1.0,0.5,2025-04-02 19:53:14+00:00,comfort systems usa inc fix best engineering stock invest recently published list best engineering stocks invest article going take look comfort systems usa inc
hotel staffing remain well prepandemic levels,american hotel lodging association expects industry add employees year though challenges persist amid economic uncertainty,"This story was originally published on Hotel Dive. To receive daily news and insights, subscribe to our free daily Hotel Dive newsletter. 
<ul><li>The American Hotel &amp; Lodging Association expect… [+3633 chars]",2025-04-07T10:08:07Z,Hoteldive.com,0.0,0.1,2025-04-07 10:08:07+00:00,hotel staffing remain well prepandemic levels american hotel lodging association expects industry add employees year though challenges persist amid economic uncertainty
standards strategy edtech shapes future educational technology,conversation claude explore edtechs journey origins ims global current role shaping educational technology standards discuss organizations collaborative approach evolved particularly innovations l,"Michael:
I’ve been reflecting on my first seven months as Chief Strategy Officer at the 1EdTech Consortium and thought it might be fun and interesting to talk to an AI about the organization and the… [+26635 chars]",2025-04-02T19:21:10Z,Eliterate.us,0.125,0.10416666666666666,2025-04-02 19:21:10+00:00,standards strategy edtech shapes future educational technology conversation claude explore edtechs journey origins ims global current role shaping educational technology standards discuss organizations collaborative approach evolved particularly innovations l
transformative trends shaping case construction materials industry,report identifies key areas raw material evolution sustainability trends advanced insulation materials digitalization coatings outlook includes innovations architectural coatings aerospace applications commercial vehi,"Dublin, April 01, 2025 (GLOBE NEWSWIRE) -- The ""Top 10 Growth Opportunities in the CASE &amp; Construction Materials Industry, 2025"" report has been added to ResearchAndMarkets.com's offering.
The c… [+2111 chars]",2025-04-01T12:04:00Z,GlobeNewswire,0.0,0.04230769230769231,2025-04-01 12:04:00+00:00,transformative trends shaping case construction materials industry report identifies key areas raw material evolution sustainability trends advanced insulation materials digitalization coatings outlook includes innovations architectural coatings aerospace applications commercial vehi
citizen services ai market grow exponentially reaching billion maximizing market growth automation ai integration,regional trends shaping future citizen services ai industry regional trends shaping future citizen services ai industry,"Dublin, April 03, 2025 (GLOBE NEWSWIRE) -- The ""Citizen Services AI Market Report 2025"" has been added to ResearchAndMarkets.com's offering.
The citizen services AI market size has grown exponential… [+9413 chars]",2025-04-03T11:52:00Z,GlobeNewswire,0.0,0.0,2025-04-03 11:52:00+00:00,citizen services ai market grow exponentially reaching billion maximizing market growth automation ai integration regional trends shaping future citizen services ai industry regional trends shaping future citizen services ai industry
humansasluxury future hospitality aidriven age,viewpoint explores growing scarcity human labor hospitality automation robotics ai especially agentic may redefine nature service paper argues human workers could evolve luxury feature increasingly,"Abstract
This viewpoint explores the growing scarcity of human labor in hospitality and how automation, robotics, and AI (especially agentic) may redefine the nature of service. The paper argues tha… [+26074 chars]",2025-04-02T10:18:00Z,Hospitality Net,0.0,0.0,2025-04-02 10:18:00+00:00,humansasluxury future hospitality aidriven age viewpoint explores growing scarcity human labor hospitality automation robotics ai especially agentic may redefine nature service paper argues human workers could evolve luxury feature increasingly
carbon black market growth trends competitive strategies forecasts expansion automotive tire industries innovations product process technology,carbon black growth largely driven increasing demand automotive tire industries primary consumers carbon black expansion automotive sector particularly emerging economies expected continue drive,"Dublin, April 07, 2025 (GLOBE NEWSWIRE) -- The ""Carbon Black Market Size, Market Share, Application Analysis, Regional Outlook, Growth Trends, Key Players, Competitive Strategies and Forecasts, 2025 … [+9595 chars]",2025-04-07T14:30:00Z,GlobeNewswire,-0.16666666666666666,0.05793650793650793,2025-04-07 14:30:00+00:00,carbon black market growth trends competitive strategies forecasts expansion automotive tire industries innovations product process technology carbon black growth largely driven increasing demand automotive tire industries primary consumers carbon black expansion automotive sector particularly emerging economies expected continue drive
travel apps strategic intelligence report case studies key trends challenges recommendations,dublin april globe newswire strategic intelligence travel apps report added researchandmarketscoms offeringthis report analyzes key theme travel apps travel tourism sector trave apps taking,"Dublin, April 04, 2025 (GLOBE NEWSWIRE) -- The ""Strategic Intelligence: Travel Apps (2025)"" report has been added to ResearchAndMarkets.com's offering.
This report analyzes the key theme of travel a… [+3205 chars]",2025-04-04T11:13:00Z,GlobeNewswire,0.0,0.0,2025-04-04 11:13:00+00:00,travel apps strategic intelligence report case studies key trends challenges recommendations dublin april globe newswire strategic intelligence travel apps report added researchandmarketscoms offeringthis report analyzes key theme travel apps travel tourism sector trave apps taking
iride satellite captures first high resolution image italy,paris france spx mar initial image italys iride earth observation mission unveiled today depicting highdetail strip italian peninsula including rome resolution meters marks threefold improvement ov,"IRIDE satellite captures first high resolution image over Italyby Erica MarchandParis, France (SPX) Mar 30, 2025
The initial image from Italy's IRIDE Earth observation mission was unveiled today, de… [+4335 chars]",2025-04-01T11:09:11Z,Space Daily,0.20500000000000002,0.0,2025-04-01 11:09:11+00:00,iride satellite captures first high resolution image italy paris france spx mar initial image italys iride earth observation mission unveiled today depicting highdetail strip italian peninsula including rome resolution meters marks threefold improvement ov
us public ai experts view artificial intelligence,groups far apart enthusiasm predictions ai want personal control worry little regulation post us public ai experts view artificial intelligence appeared first pew research center,"How we did this
Pew Research Center conducted this study to understand how Americans views of artificial intelligence compare with the views of those who have expertise in the field. This report inc… [+14624 chars]",2025-04-03T13:54:29Z,Pew Research Center,-0.3,-0.07678571428571428,2025-04-03 13:54:29+00:00,us public ai experts view artificial intelligence groups far apart enthusiasm predictions ai want personal control worry little regulation post us public ai experts view artificial intelligence appeared first pew research center
starlink company profile technology expansion plans partnerships estimated finances future outlook,dublin april globe newswire starlink company profile company profile added researchandmarketscoms offering,"Dublin, April 02, 2025 (GLOBE NEWSWIRE) -- The ""Starlink Company Profile - 2025"" company profile has been added to ResearchAndMarkets.com's offering.
Starlink, a subsidiary of SpaceX, aims to provid… [+3962 chars]",2025-04-02T08:16:00Z,GlobeNewswire,0.0,0.0,2025-04-02 08:16:00+00:00,starlink company profile technology expansion plans partnerships estimated finances future outlook dublin april globe newswire starlink company profile company profile added researchandmarketscoms offering
asgn incorporated asgn best beaten stock buy according analysts,recently published list best beaten stocks buy according analysts article going take look asgn,"We recently published a list of 10 Best Beaten Down Stocks to Buy According to Analysts. In this article, we are going to take a look at where ASGN Incorporated (NYSE:ASGN) stands against other best … [+5789 chars]",2025-04-03T16:39:38Z,Yahoo Entertainment,1.0,0.5,2025-04-03 16:39:38+00:00,asgn incorporated asgn best beaten stock buy according analysts recently published list best beaten stocks buy according analysts article going take look asgn
cmts expands meet everevolving needs manufacturing industry,toronto april globe newswire sme nonprofit committed accelerating adoption advanced manufacturing technologies building north americas talent capabilities expand canadian manufacturing technology show cmts,"TORONTO, April 02, 2025 (GLOBE NEWSWIRE) -- SME, the nonprofit committed to accelerating adoption of advanced manufacturing technologies and building North Americas talent and capabilities, will expa… [+5617 chars]",2025-04-02T16:17:00Z,GlobeNewswire,0.0,0.4,2025-04-02 16:17:00+00:00,cmts expands meet everevolving needs manufacturing industry toronto april globe newswire sme nonprofit committed accelerating adoption advanced manufacturing technologies building north americas talent capabilities expand canadian manufacturing technology show cmts
saffron market report growing trend towards natural functional products bodes well growth global industry analysis size share growth trends forecasts,dublin april globe newswire saffron market global industry analysis size share growth trends forecast product technology grade application enduser region north america europe asia pacific latin america,"Dublin, April 03, 2025 (GLOBE NEWSWIRE) -- The ""Saffron Market - Global Industry Analysis, Size, Share, Growth, Trends, and Forecast 2032 - By Product, Technology, Grade, Application, End-user, Regio… [+6150 chars]",2025-04-03T08:09:00Z,GlobeNewswire,0.05,0.0,2025-04-03 08:09:00+00:00,saffron market report growing trend towards natural functional products bodes well growth global industry analysis size share growth trends forecasts dublin april globe newswire saffron market global industry analysis size share growth trends forecast product technology grade application enduser region north america europe asia pacific latin america
cmts expands meet everevolving needs manufacturing industry,toronto april globe newswire sme nonprofit committed accelerating adoption advanced manufacturing technologies building north americas talent capabilities expand canadian manufacturing technology show cmts,"Author of the article:
CMTS Canadian Manufacturing Technology ShowGNW
Article content
TORONTO, April 02, 2025 (GLOBE NEWSWIRE) SME, the nonprofit committed to accelerating adoption of advanced man… [+8618 chars]",2025-04-02T16:21:51Z,Financial Post,0.0,0.4,2025-04-02 16:21:51+00:00,cmts expands meet everevolving needs manufacturing industry toronto april globe newswire sme nonprofit committed accelerating adoption advanced manufacturing technologies building north americas talent capabilities expand canadian manufacturing technology show cmts
qatar commercial construction industry report billion market trends competition forecast opportunities f,market experiencing strong expansion due countrys ongoing economic diversification efforts significant infrastructure development initiatives qatar national vision one wealthiest nations globally qatar made substa,"Dublin, April 04, 2025 (GLOBE NEWSWIRE) -- The ""Qatar Commercial Construction Market, By Region, Competition, Forecast and Opportunities, 2020-2030F"" report has been added to ResearchAndMarkets.com's… [+6568 chars]",2025-04-04T13:06:00Z,GlobeNewswire,0.0,0.17666666666666667,2025-04-04 13:06:00+00:00,qatar commercial construction industry report billion market trends competition forecast opportunities f market experiencing strong expansion due countrys ongoing economic diversification efforts significant infrastructure development initiatives qatar national vision one wealthiest nations globally qatar made substa
us laundry facilities drycleaning services market report billion industry digital transformation subscription models sustainable practices present business opportunities,dublin april globe newswire laundry facilities drycleaning services market industry analysis size share growth trends forecast product technology grade application enduser country us report ad,"Dublin, April 04, 2025 (GLOBE NEWSWIRE) -- The ""Laundry Facilities and Dry-Cleaning Services Market - Industry Analysis, Size, Share, Growth, Trends, and Forecast 2032 - By Product, Technology, Grade… [+6499 chars]",2025-04-04T08:26:00Z,GlobeNewswire,0.0,0.0,2025-04-04 08:26:00+00:00,us laundry facilities drycleaning services market report billion industry digital transformation subscription models sustainable practices present business opportunities dublin april globe newswire laundry facilities drycleaning services market industry analysis size share growth trends forecast product technology grade application enduser country us report ad
metaverse healthcare industry trends global forecasts market reach billion cagr opportunities enhanced patient engagement decentralized data telehealth researchandmarketscom,dublin metaverse healthcare market industry trends global forecasts component type technology applications end users geographical regions key players report added researchandmarketscoms offering global,"Author of the article:
Article content
DUBLIN The Metaverse in Healthcare Market Industry Trends and Global Forecasts to 2035, by Component, Type of Technology, Applications, End Users, Geographica… [+14408 chars]",2025-04-02T13:43:43Z,Financial Post,0.0,0.0,2025-04-02 13:43:43+00:00,metaverse healthcare industry trends global forecasts market reach billion cagr opportunities enhanced patient engagement decentralized data telehealth researchandmarketscom dublin metaverse healthcare market industry trends global forecasts component type technology applications end users geographical regions key players report added researchandmarketscoms offering global
formwork plywood market size expected grow cagr us billion insight partners,formwork systems market share research includes key company profiles like alsina formwork brand industrial servicesinc doka gmbh efco corp forsa sa meva formwork systems mfe formwork technology sdn bhd paschal international peri formwork systems mark,"US &amp; Canada, April 07, 2025 (GLOBE NEWSWIRE) -- According to a new comprehensive report from The Insight Partners, the global formwork systems market is observing healthy growth with infrastructu… [+9948 chars]",2025-04-07T14:04:00Z,GlobeNewswire,-0.1,0.0,2025-04-07 14:04:00+00:00,formwork plywood market size expected grow cagr us billion insight partners formwork systems market share research includes key company profiles like alsina formwork brand industrial servicesinc doka gmbh efco corp forsa sa meva formwork systems mfe formwork technology sdn bhd paschal international peri formwork systems mark
mena ai healthcare market report mena ai healthcare market reach billion growing cagr,key drivers include expanding medical data rising ai infrastructure investments shortage healthcare professionals report offers detailed insights country technology application component highlighting opportunities personalized,"Dublin, April 04, 2025 (GLOBE NEWSWIRE) -- The ""AI in Healthcare Regional Analysis Market: Middle East and North Africa"" report has been added to ResearchAndMarkets.com's offering.
This report provi… [+5640 chars]",2025-04-04T08:15:00Z,GlobeNewswire,0.0,0.125,2025-04-04 08:15:00+00:00,mena ai healthcare market report mena ai healthcare market reach billion growing cagr key drivers include expanding medical data rising ai infrastructure investments shortage healthcare professionals report offers detailed insights country technology application component highlighting opportunities personalized
grove ai welcomes former novartis ucb google executives company advisory board,san francisco april globe newswire grove ai pioneer life science automation using agentic ai today announced formation inaugural advisory board comprised prominent leaders pharmaceutical technology sectors ad,"SAN FRANCISCO, April 02, 2025 (GLOBE NEWSWIRE) -- Grove AI
, pioneer in life science automation using agentic AI, today announced the formation of its inaugural Advisory Board. Comprised of prominen… [+3440 chars]",2025-04-02T11:30:00Z,GlobeNewswire,0.0,0.5,2025-04-02 11:30:00+00:00,grove ai welcomes former novartis ucb google executives company advisory board san francisco april globe newswire grove ai pioneer life science automation using agentic ai today announced formation inaugural advisory board comprised prominent leaders pharmaceutical technology sectors ad
key trends b nonemergency medical transportation market rise personalized patient transport,key strategies nonemergency medical transport companies enhance service delivery patient satisfaction key strategies nonemergency medical transport companies enhance service delivery patient satisfaction,"Dublin, April 03, 2025 (GLOBE NEWSWIRE) -- The ""Non-emergency Medical Transportation Market by Service Type (Ambulatory Transportation, Bariatric Transportation, Dialysis Transportation), End-User (D… [+13524 chars]",2025-04-03T11:30:00Z,GlobeNewswire,0.0,0.0,2025-04-03 11:30:00+00:00,key trends b nonemergency medical transportation market rise personalized patient transport key strategies nonemergency medical transport companies enhance service delivery patient satisfaction key strategies nonemergency medical transport companies enhance service delivery patient satisfaction
europe click collect grocery growth forecasts report market surpass billion billion focus germany uk france,dublin april globe newswire europe click collect grocery market size share analysis growth trends forecast report report added researchandmarketscoms offeringthe europe click collect grocery market,"Dublin, April 02, 2025 (GLOBE NEWSWIRE) -- The ""Europe Click and Collect Grocery Market Size and Share Analysis - Growth Trends and Forecast Report 2025-2033"" report has been added to ResearchAndMark… [+8310 chars]",2025-04-02T09:35:00Z,GlobeNewswire,0.0,0.0,2025-04-02 09:35:00+00:00,europe click collect grocery growth forecasts report market surpass billion billion focus germany uk france dublin april globe newswire europe click collect grocery market size share analysis growth trends forecast report report added researchandmarketscoms offeringthe europe click collect grocery market
gold ore market report investment demand emerging markets fuel growth forecasts,growth forecast period attributed continued investment demand emerging market growth government initiatives environmental ethical considerations global economic conditions major trends forecast period include integration,"Dublin, April 04, 2025 (GLOBE NEWSWIRE) -- The ""Gold Ore Market Report 2025"" report has been added to ResearchAndMarkets.com's offering.
The gold ore market size has grown strongly in recent years. … [+7688 chars]",2025-04-04T09:13:00Z,GlobeNewswire,0.0,0.115625,2025-04-04 09:13:00+00:00,gold ore market report investment demand emerging markets fuel growth forecasts growth forecast period attributed continued investment demand emerging market growth government initiatives environmental ethical considerations global economic conditions major trends forecast period include integration
breast pads market projected reach usd million driven rising awareness infant hygiene maternal comfort sns insider,according research sns insider global breast pads market expanding due increasing breastfeeding rates growing demand ecofriendly products advancements absorbent technology according research sns insider global breast,"Pune, April 01, 2025 (GLOBE NEWSWIRE) -- According to SNS Insider, the global Breast Pads Market was valued at USD 137.60 million in 2023 and is projected to reach USD 203.29 million by 2032, growing… [+8392 chars]",2025-04-01T13:20:00Z,GlobeNewswire,0.0,-0.041666666666666664,2025-04-01 13:20:00+00:00,breast pads market projected reach usd million driven rising awareness infant hygiene maternal comfort sns insider according research sns insider global breast pads market expanding due increasing breastfeeding rates growing demand ecofriendly products advancements absorbent technology according research sns insider global breast
expert says ais presence sports betting doubleedged sword,artificial intelligence become important part business operations globally including sports betting industry bettors information fingertips make informed decisions operators integrate ai technology prov,"Author of the article:
*MANDATORY CREDIT*Photo by Kyle Sweeting /The Canadian Press
Article content
Artificial intelligence has become an important part of business operations globally, including … [+8970 chars]",2025-04-01T16:52:51Z,Financial Post,0.0,-0.06666666666666665,2025-04-01 16:52:51+00:00,expert says ais presence sports betting doubleedged sword artificial intelligence become important part business operations globally including sports betting industry bettors information fingertips make informed decisions operators integrate ai technology prov
myocardial infarction market forecast report featuring major players pfizer bms astrazeneca merck kgaa daiichi sankyo novartis genentech amgen regeneron takeda,since mi major source morbidity mortality globally especially aging populations prevalence cardiac disease primary driver growth sector new treatments include clotdissolving medications angioplasty surgical proc,"Dublin, April 02, 2025 (GLOBE NEWSWIRE) -- The ""Myocardial Infarction Market Size and Share Analysis - Growth Trends and Forecast Report 2025-2033"" report has been added to ResearchAndMarkets.com's o… [+16436 chars]",2025-04-02T13:29:00Z,GlobeNewswire,0.0625,0.10977272727272727,2025-04-02 13:29:00+00:00,myocardial infarction market forecast report featuring major players pfizer bms astrazeneca merck kgaa daiichi sankyo novartis genentech amgen regeneron takeda since mi major source morbidity mortality globally especially aging populations prevalence cardiac disease primary driver growth sector new treatments include clotdissolving medications angioplasty surgical proc
saudi arabia foodservice market report company analysis featuring al tazaj alamar albaik americana restaurants intl apparel fawaz abdulaziz alhokair galadari herfy kondu lulu,growing population urbanization increased disposable incomes contributed notable expansion foodservice sector saudi arabia demand quickservice restaurants qsrs casual dining places driven natio,"Dublin, April 07, 2025 (GLOBE NEWSWIRE) -- The ""Saudi Arabia Foodservice Market Size and Share Analysis - Growth Trends and Forecast Report 2025-2033"" report has been added to ResearchAndMarkets.com'… [+10698 chars]",2025-04-07T14:15:00Z,GlobeNewswire,0.0,-5.551115123125783e-17,2025-04-07 14:15:00+00:00,saudi arabia foodservice market report company analysis featuring al tazaj alamar albaik americana restaurants intl apparel fawaz abdulaziz alhokair galadari herfy kondu lulu growing population urbanization increased disposable incomes contributed notable expansion foodservice sector saudi arabia demand quickservice restaurants qsrs casual dining places driven natio
airport systems market analysis industry dynamics use cases value chain pricing trends tco bom technologies profiles major players,dublin april globe newswire airport systems market technology solution passenger processing system airport operation ground handling system air traffic management system application airside terminal side implementation,"Dublin, April 01, 2025 (GLOBE NEWSWIRE) -- The ""Airport Systems Market by Technology, Solution (Passenger Processing System, Airport Operation &amp; Ground Handling System, Air Traffic Management Sys… [+10459 chars]",2025-04-01T08:05:00Z,GlobeNewswire,0.0625,0.0,2025-04-01 08:05:00+00:00,airport systems market analysis industry dynamics use cases value chain pricing trends tco bom technologies profiles major players dublin april globe newswire airport systems market technology solution passenger processing system airport operation ground handling system air traffic management system application airside terminal side implementation
europe gift card incentive card report market grow reach billion year future growth dynamics,report provides detailed datacentric analysis gift card sector europe covering market opportunities risks across consumer segments retail corporate product categories retail sectors store formats kpis,"Dublin, April 04, 2025 (GLOBE NEWSWIRE) -- The ""Europe Gift Card and Incentive Card Market Intelligence and Future Growth Dynamics (Databook) - Q1 2025 Update"" report has been added to ResearchAndMar… [+10865 chars]",2025-04-04T10:32:00Z,GlobeNewswire,0.0,0.2,2025-04-04 10:32:00+00:00,europe gift card incentive card report market grow reach billion year future growth dynamics report provides detailed datacentric analysis gift card sector europe covering market opportunities risks across consumer segments retail corporate product categories retail sectors store formats kpis
mexico construction industry databook q mexicos construction sectors thrive amid urban growth government initiatives technological advancements despite rising costs regulatory challenges,dublin april globe newswire mexico construction industry databook series market size forecast value volume q update report added researchandmarketscoms offeringthe construction market mexico expected,"Dublin, April 03, 2025 (GLOBE NEWSWIRE) -- The ""Mexico Construction Industry Databook Series - Market Size &amp; Forecast by Value and Volume, Q1 2025 Update"" report has been added to ResearchAndMark… [+10207 chars]",2025-04-03T13:28:00Z,GlobeNewswire,0.0,-0.1,2025-04-03 13:28:00+00:00,mexico construction industry databook q mexicos construction sectors thrive amid urban growth government initiatives technological advancements despite rising costs regulatory challenges dublin april globe newswire mexico construction industry databook series market size forecast value volume q update report added researchandmarketscoms offeringthe construction market mexico expected
vietnam contract logistics market report cj gemadept logistics indo trans logistics dhl expeditors transimex bee logistics schenker vietnam sotrans vinafreight,dublin april globe newswire vietnam contract logistics market industry segmentation share analysis forecast companies outlook competitive landscape trends value growth size revenue market forecast end userby region,"Dublin, April 07, 2025 (GLOBE NEWSWIRE) -- The ""Vietnam Contract Logistics Market | Industry, Segmentation, Share, Analysis, Forecast, Companies, Outlook, Competitive Landscape, Trends, Value, Growth… [+7687 chars]",2025-04-07T11:41:00Z,GlobeNewswire,0.0,0.0,2025-04-07 11:41:00+00:00,vietnam contract logistics market report cj gemadept logistics indo trans logistics dhl expeditors transimex bee logistics schenker vietnam sotrans vinafreight dublin april globe newswire vietnam contract logistics market industry segmentation share analysis forecast companies outlook competitive landscape trends value growth size revenue market forecast end userby region
us discounters market analysis report discounters thrive amid inflation aldis dominance market trends future challenges,dublin april globe newswire discounters us report added researchandmarketscoms offeringdiscounters experienced highest current value growth within grocery retailers us continued inflationar,"Dublin, April 01, 2025 (GLOBE NEWSWIRE) -- The ""Discounters in the US"" report has been added to ResearchAndMarkets.com's offering.
Discounters experienced the highest current value growth within gro… [+7872 chars]",2025-04-01T08:17:00Z,GlobeNewswire,0.0,0.4,2025-04-01 08:17:00+00:00,us discounters market analysis report discounters thrive amid inflation aldis dominance market trends future challenges dublin april globe newswire discounters us report added researchandmarketscoms offeringdiscounters experienced highest current value growth within grocery retailers us continued inflationar
smart energy strategic industry report emergence smart grids boosts demand advanced smart energy technologies,understand significant growth trajectory smart energy solutions segment expected reach us billion cagr smart energy services segment also set grow cagr analysis period gain,"Dublin, April 07, 2025 (GLOBE NEWSWIRE) -- The ""Smart Energy - Global Strategic Business Report"" report has been added to ResearchAndMarkets.com's offering.
The global market for Smart Energy was va… [+9019 chars]",2025-04-07T13:12:00Z,GlobeNewswire,0.2607142857142857,0.17589285714285716,2025-04-07 13:12:00+00:00,smart energy strategic industry report emergence smart grids boosts demand advanced smart energy technologies understand significant growth trajectory smart energy solutions segment expected reach us billion cagr smart energy services segment also set grow cagr analysis period gain
nanoenabled packaging business analysis report market double surpass billion fueled demand lightweight antimicrobial sustainability properties,understand significant growth trajectory intelligent smart packaging segment expected reach us billion cagr active packaging segment also set grow cagr analysis period gain,"Dublin, April 03, 2025 (GLOBE NEWSWIRE) -- The ""Nano-Enabled Packaging - Global Strategic Business Report"" report has been added to ResearchAndMarkets.com's offering.
The global market for Nano-enab… [+7783 chars]",2025-04-03T14:20:00Z,GlobeNewswire,0.0,0.23119047619047617,2025-04-03 14:20:00+00:00,nanoenabled packaging business analysis report market double surpass billion fueled demand lightweight antimicrobial sustainability properties understand significant growth trajectory intelligent smart packaging segment expected reach us billion cagr active packaging segment also set grow cagr analysis period gain
global china oems suppliers embodied artificial intelligence ai robot layout trends report featuring layout oems eai industry chain suppliers,dublin april globe newswire oems suppliers embodied artificial intelligence ai robot layout trend report report added researchandmarketscoms offeringfrom automobiles embodied artificial intelligence,"Dublin, April 07, 2025 (GLOBE NEWSWIRE) -- The ""OEMs and Suppliers' Embodied Artificial Intelligence (and AI Robot) Layout Trend Report, 2024-2025"" report has been added to ResearchAndMarkets.com's o… [+10580 chars]",2025-04-07T08:48:00Z,GlobeNewswire,-0.3,-0.6,2025-04-07 08:48:00+00:00,global china oems suppliers embodied artificial intelligence ai robot layout trends report featuring layout oems eai industry chain suppliers dublin april globe newswire oems suppliers embodied artificial intelligence ai robot layout trend report report added researchandmarketscoms offeringfrom automobiles embodied artificial intelligence
building resilient communities insights infrastructure report card,learn geospatial data maps helping tell story infrastructure report card,"Infrastructure is essential for the functioning of cities and communities across America. It ensures safety and supports daily activities, like driving over bridges or flying to destinations. The qua… [+5401 chars]",2025-04-02T13:00:32Z,Esri.com,0.0,0.0,2025-04-02 13:00:32+00:00,building resilient communities insights infrastructure report card learn geospatial data maps helping tell story infrastructure report card
ai healthcare trends watch beyond,ai redefining healthcare sector hospitals health systems large medical practices incorporating ai technologies clinical administrative workflows,"If it seems like artificial intelligence dominates healthcare headlines, it's with good reason. AI in healthcare is on track for rapid growth; research firm MarketsandMarkets, for example, has predic… [+8861 chars]",2025-04-07T15:23:00Z,Techtarget.com,0.0,0.10714285714285714,2025-04-07 15:23:00+00:00,ai healthcare trends watch beyond ai redefining healthcare sector hospitals health systems large medical practices incorporating ai technologies clinical administrative workflows
gridscale electricity storage technologies market report profiles leading companies tesla sungrow crrc fluence energy beijing hyperstrong technology gotion,dublin april globe newswire gridscale electricity storage technologies market report added researchandmarketscoms offering,"Dublin, April 07, 2025 (GLOBE NEWSWIRE) -- The ""Grid-Scale Electricity Storage Technologies Market"" report has been added to ResearchAndMarkets.com's offering.
This report provides an analysis of th… [+11474 chars]",2025-04-07T13:21:00Z,GlobeNewswire,0.0,0.0,2025-04-07 13:21:00+00:00,gridscale electricity storage technologies market report profiles leading companies tesla sungrow crrc fluence energy beijing hyperstrong technology gotion dublin april globe newswire gridscale electricity storage technologies market report added researchandmarketscoms offering
algorithmic trading market research report regional market trends highlight diverse adoption rates regulatory approaches algorithmic trading,strategic partnerships traditional financial institutions fintech firms drive algorithmic trading growth strategic partnerships traditional financial institutions fintech firms drive algorithmic trading growth,"Dublin, April 02, 2025 (GLOBE NEWSWIRE) -- The ""Algorithmic Trading Market by Trading Type (Bonds, Cryptocurrencies, Exchange-Traded Funds), Component (Services, Solutions), Deployment, Organisation … [+12758 chars]",2025-04-02T08:09:00Z,GlobeNewswire,0.0,0.0,2025-04-02 08:09:00+00:00,algorithmic trading market research report regional market trends highlight diverse adoption rates regulatory approaches algorithmic trading strategic partnerships traditional financial institutions fintech firms drive algorithmic trading growth strategic partnerships traditional financial institutions fintech firms drive algorithmic trading growth
dave vellantes breaking analysis complete collection,breaking analysis weekly editorial program combining knowledge siliconangles thecube spending data enterprise technology research branded thecube insights powered etr program opportunity share independent unfiltere,"Breaking Analysis is a weekly editorial program combining knowledge from SiliconANGLEs theCUBE with spending data from Enterprise Technology Research.
Branded as theCUBE Insights, Powered by ETR, th… [+182839 chars]",2025-04-05T10:33:12Z,SiliconANGLE News,0.1,0.0,2025-04-05 10:33:12+00:00,dave vellantes breaking analysis complete collection breaking analysis weekly editorial program combining knowledge siliconangles thecube spending data enterprise technology research branded thecube insights powered etr program opportunity share independent unfiltere
scanners global report market reach billion wider adoption scanners still faces certain roadblocks,global report scanners analyzes market based scanner type installation type range application enduse sector regional country markets terms market value us addition providing profiles majo,"Dublin, April 02, 2025 (GLOBE NEWSWIRE) -- The ""3D Scanners - A Global Market Overview"" report has been added to ResearchAndMarkets.com's offering.
The global demand for 3D Scanners is projected to … [+5937 chars]",2025-04-02T13:30:00Z,GlobeNewswire,0.10714285714285714,0.0,2025-04-02 13:30:00+00:00,scanners global report market reach billion wider adoption scanners still faces certain roadblocks global report scanners analyzes market based scanner type installation type range application enduse sector regional country markets terms market value us addition providing profiles majo
auto parts accessories global industry business report market reach trillion china forecasted grow impressive cagr,understand significant growth trajectory driveline powertrain segment expected reach us billion cagr interiors exteriors segment also set grow cagr analysis period gain,"Dublin, April 07, 2025 (GLOBE NEWSWIRE) -- The ""Auto Parts And Accessories - Global Strategic Business Report"" report has been added to ResearchAndMarkets.com's offering.
The global market for Auto … [+8768 chars]",2025-04-07T10:11:00Z,GlobeNewswire,0.5,0.1375,2025-04-07 10:11:00+00:00,auto parts accessories global industry business report market reach trillion china forecasted grow impressive cagr understand significant growth trajectory driveline powertrain segment expected reach us billion cagr interiors exteriors segment also set grow cagr analysis period gain
growth trends competitive strategies forecasts advancements additive manufacturing growing demand automotive aerospace high initial investments,powder metallurgy market growth driven several factors including increasing adoption process automotive aerospace sectors high demand precise efficient components automotive industry utilizes powder,"Dublin, April 07, 2025 (GLOBE NEWSWIRE) -- The ""Powder Metallurgy Market Size, Market Share, Application Analysis, Regional Outlook, Growth Trends, Key Players, Competitive Strategies and Forecasts, … [+11750 chars]",2025-04-07T14:33:00Z,GlobeNewswire,0.08,0.18666666666666668,2025-04-07 14:33:00+00:00,growth trends competitive strategies forecasts advancements additive manufacturing growing demand automotive aerospace high initial investments powder metallurgy market growth driven several factors including increasing adoption process automotive aerospace sectors high demand precise efficient components automotive industry utilizes powder
latest global electric skateboard market sizeshare worth usd billion cagr custom market insights analysis outlook leaders report trends forecast segmentation growth growth rate value,pages latest report according market research study published custom market insights demand analysis global electric skateboard market size share revenue valued approximately usd billion expected reach us,"Austin, TX, USA, April 01, 2025 (GLOBE NEWSWIRE) -- Custom Market Insights has published a new research report titled Electric Skateboard Market Size, Trends and Insights By Type (Belt Driven Electri… [+24775 chars]",2025-04-01T16:30:00Z,GlobeNewswire,0.26666666666666666,-6.938893903907228e-18,2025-04-01 16:30:00+00:00,latest global electric skateboard market sizeshare worth usd billion cagr custom market insights analysis outlook leaders report trends forecast segmentation growth growth rate value pages latest report according market research study published custom market insights demand analysis global electric skateboard market size share revenue valued approximately usd billion expected reach us
tyton partners ufi ventures release annual voctech market report policy inflection skills gaps ai transformations define future workforce development,tyton partners ufi ventures release annual voctech market report policy inflection skills gaps ai transformations define future,"LONDON, April 03, 2025 (GLOBE NEWSWIRE) -- Tyton Partners, the leading strategy consultancy and investment advisor in global education, and Ufi Ventures, the UK's specialist investor in vocational te… [+3440 chars]",2025-04-03T05:00:00Z,GlobeNewswire,0.0,0.0,2025-04-03 05:00:00+00:00,tyton partners ufi ventures release annual voctech market report policy inflection skills gaps ai transformations define future workforce development tyton partners ufi ventures release annual voctech market report policy inflection skills gaps ai transformations define future
coface sa coface announces publication universal registration document,coface announces publication universal registration document paris april communication setting arrangements,"Coface announces the publication of its 2024 Universal Registration Document
Paris, 4 April 2025 17.45 
Communication setting out the arrangements for the supplying of the Universal Registration Do… [+3895 chars]",2025-04-04T15:45:00Z,GlobeNewswire,0.0,0.0,2025-04-04 15:45:00+00:00,coface sa coface announces publication universal registration document coface announces publication universal registration document paris april communication setting arrangements
european automotive aftermarkets competitive benchmark report individual assessment companies including aas automotive sro aptiv technology services solutions srl borgwarner,dublin april globe newswire european automotive aftermarkets industry report report added researchandmarketscoms offeringthe automotive aftermarkets european report provides detailed overview market deliver,"Dublin, April 03, 2025 (GLOBE NEWSWIRE) -- The ""European Automotive Aftermarkets - Industry Report"" report has been added to ResearchAndMarkets.com's offering.
The Automotive Aftermarkets (European)… [+4754 chars]",2025-04-03T13:02:00Z,GlobeNewswire,0.0,0.13333333333333333,2025-04-03 13:02:00+00:00,european automotive aftermarkets competitive benchmark report individual assessment companies including aas automotive sro aptiv technology services solutions srl borgwarner dublin april globe newswire european automotive aftermarkets industry report report added researchandmarketscoms offeringthe automotive aftermarkets european report provides detailed overview market deliver
flat glass market global forecast key players taiwan glass csg fuyao group nippon sheet glass saintgobain sisecam central glass co agc trulite schott vitro cevital,dublin april globe newswire flat glass market technology type enduse industry global forecast report added researchandmarketscoms offering,"Dublin, April 07, 2025 (GLOBE NEWSWIRE) -- The ""Flat Glass Market by Technology, Type and End-Use Industry - Global Forecast to 2030"" report has been added to ResearchAndMarkets.com's offering.
This… [+9786 chars]",2025-04-07T15:18:00Z,GlobeNewswire,-0.00625,-0.0125,2025-04-07 15:18:00+00:00,flat glass market global forecast key players taiwan glass csg fuyao group nippon sheet glass saintgobain sisecam central glass co agc trulite schott vitro cevital dublin april globe newswire flat glass market technology type enduse industry global forecast report added researchandmarketscoms offering
asia pacific mining equipment market outlook growth electric hybrid mining equipment integration digital technologies smart mining solutions,dublin april globe newswire asia pacific mining equipment market outlook report added researchandmarketscoms offeringthe asia pacific mining equipment market poised robust growth projected exceed ca,"Dublin, April 01, 2025 (GLOBE NEWSWIRE) -- The ""Asia Pacific Mining Equipment Market Outlook, 2030"" report has been added to ResearchAndMarkets.com's offering.
The Asia Pacific mining equipment mark… [+5896 chars]",2025-04-01T11:37:00Z,GlobeNewswire,0.10714285714285714,0.0,2025-04-01 11:37:00+00:00,asia pacific mining equipment market outlook growth electric hybrid mining equipment integration digital technologies smart mining solutions dublin april globe newswire asia pacific mining equipment market outlook report added researchandmarketscoms offeringthe asia pacific mining equipment market poised robust growth projected exceed ca
us milk powder market size companies shares analysis featuring dairy farmers america darigold cargill corp kraft heinz company conagra brands,dublin april globe newswire united states milk powder market size share analysis growth trends forecast report report added researchandmarketscoms offeringthe united states milk powder market expected,"Dublin, April 02, 2025 (GLOBE NEWSWIRE) -- The ""United States Milk Powder Market Size and Share Analysis - Growth Trends and Forecast Report 2025-2033"" report has been added to ResearchAndMarkets.com… [+7920 chars]",2025-04-02T08:23:00Z,GlobeNewswire,0.0,-0.1,2025-04-02 08:23:00+00:00,us milk powder market size companies shares analysis featuring dairy farmers america darigold cargill corp kraft heinz company conagra brands dublin april globe newswire united states milk powder market size share analysis growth trends forecast report report added researchandmarketscoms offeringthe united states milk powder market expected
vietnam bn twowheeler tire market trends competition forecast opportunities f,dublin april globe newswire vietnam twowheeler tire market region competition forecast opportunities f report added researchandmarketscoms offeringthe vietnam twowheeler tire market valued usd,"Dublin, April 04, 2025 (GLOBE NEWSWIRE) -- The ""Vietnam Two-Wheeler Tire Market, By Region, Competition, Forecast and Opportunities, 2020-2030F"" report has been added to ResearchAndMarkets.com's offe… [+9000 chars]",2025-04-04T11:47:00Z,GlobeNewswire,0.0,0.0,2025-04-04 11:47:00+00:00,vietnam bn twowheeler tire market trends competition forecast opportunities f dublin april globe newswire vietnam twowheeler tire market region competition forecast opportunities f report added researchandmarketscoms offeringthe vietnam twowheeler tire market valued usd
global silicon photonics market report emerging applications quantum computing lidar avs ai accelerators leading future growth,dublin april globe newswire global silicon photonics market report added researchandmarketscoms offering,"Dublin, April 04, 2025 (GLOBE NEWSWIRE) -- The ""Global Silicon Photonics Market 2025-2035"" report has been added to ResearchAndMarkets.com's offering.
The silicon photonics market represents a trans… [+12700 chars]",2025-04-04T14:01:00Z,GlobeNewswire,0.0,0.0,2025-04-04 14:01:00+00:00,global silicon photonics market report emerging applications quantum computing lidar avs ai accelerators leading future growth dublin april globe newswire global silicon photonics market report added researchandmarketscoms offering
zenatech closes second southeast region acquisition wallace surveying corporation set become third acquisition power national drone service daas business,vancouver british columbia april globe newswire zenatech inc nasdaq zena fse q bmv zena zenatech technology company specializing ai artificial intelligence drone droneasaservice daas enterprise saas quantum c,"Author of the article:
Article content
VANCOUVER, British Columbia, April 03, 2025 (GLOBE NEWSWIRE) ZenaTech, Inc. (Nasdaq: ZENA) (FSE: 49Q) (BMV: ZENA) (ZenaTech), a technology company specializin… [+11326 chars]",2025-04-03T12:04:10Z,Financial Post,0.0,-0.3,2025-04-03 12:04:10+00:00,zenatech closes second southeast region acquisition wallace surveying corporation set become third acquisition power national drone service daas business vancouver british columbia april globe newswire zenatech inc nasdaq zena fse q bmv zena zenatech technology company specializing ai artificial intelligence drone droneasaservice daas enterprise saas quantum c
alliancebernstein lp trims stock position costar group inc nasdaqcsgp,alliancebernstein lp trimmed stake shares costar group inc nasdaqcsgp free report fourth quarter according recent f filing securities exchange commission firm owned shares techn,"Alliancebernstein L.P. trimmed its stake in shares of CoStar Group, Inc. (NASDAQ:CSGP – Free Report) by 0.1% in the fourth quarter, according to its most recent 13F filing with the Securities and Exc… [+6163 chars]",2025-04-07T09:41:29Z,ETF Daily News,0.0,0.05,2025-04-07 09:41:29+00:00,alliancebernstein lp trims stock position costar group inc nasdaqcsgp alliancebernstein lp trimmed stake shares costar group inc nasdaqcsgp free report fourth quarter according recent f filing securities exchange commission firm owned shares techn
military aviation mro adapting demands modern military landscape,mro represents unseen yet vital infrastructure ensures global defense aviation fleet remains missionready mro services military aircraft go far beyond routine checks involve meticulous inspections specialized repairs comprehens,"Dublin, April 01, 2025 (GLOBE NEWSWIRE) -- The ""Military Aviation MRO - Global Strategic Business Report"" has been added to ResearchAndMarkets.com's offering.
The global market for Military Aviation… [+9718 chars]",2025-04-01T15:30:00Z,GlobeNewswire,0.0,0.025,2025-04-01 15:30:00+00:00,military aviation mro adapting demands modern military landscape mro represents unseen yet vital infrastructure ensures global defense aviation fleet remains missionready mro services military aircraft go far beyond routine checks involve meticulous inspections specialized repairs comprehens
vascular closure device market size projected grow usd billion fuelled cardiovascular disease prevalence minimally invasive trends insight partners,global vascular closure device market share projected grow usd billion usd billion driven increasing prevalence cardiovascular diseases rising demand minimally invasive procedures innovations,"US &amp; Canada, April 03, 2025 (GLOBE NEWSWIRE) -- US &amp; Canada, Apr, 01, 2025 (GlobeNewswire) -- According to a comprehensive report from The Insight Partners, Vascular Closure Device Market Siz… [+8855 chars]",2025-04-03T11:41:00Z,GlobeNewswire,-0.1,-0.05,2025-04-03 11:41:00+00:00,vascular closure device market size projected grow usd billion fuelled cardiovascular disease prevalence minimally invasive trends insight partners global vascular closure device market share projected grow usd billion usd billion driven increasing prevalence cardiovascular diseases rising demand minimally invasive procedures innovations
zebozap launches nodrill mounts easy outdoor installation,zebozap introduces nodrill mounting solutions tvs heaters fans offering secure installation without damaging surfaces ideal renters homeowners versatile mounts simplify outdoor equipment setup,"ZeboZAP introduces no-drill mounting solutions for TVs, heaters, and fans, offering secure installation without damaging surfaces. Ideal for renters and homeowners, these versatile mounts simplify ou… [+3947 chars]",2025-04-03T20:56:00Z,GlobeNewswire,0.43333333333333335,0.65,2025-04-03 20:56:00+00:00,zebozap launches nodrill mounts easy outdoor installation zebozap introduces nodrill mounting solutions tvs heaters fans offering secure installation without damaging surfaces ideal renters homeowners versatile mounts simplify outdoor equipment setup
us retail market research report consumer trends channels leading retailers chinaaffiliated competitors reset landscape retail ecommerce us,dublin april globe newswire retail us report added researchandmarketscoms offeringin september us federal reserve lowered federal funds rate first time since march signalling near end,"Dublin, April 01, 2025 (GLOBE NEWSWIRE) -- The ""Retail in the US"" report has been added to ResearchAndMarkets.com's offering.
In September 2024, the US Federal Reserve lowered the federal funds rate… [+23612 chars]",2025-04-01T08:13:00Z,GlobeNewswire,0.0,0.175,2025-04-01 08:13:00+00:00,us retail market research report consumer trends channels leading retailers chinaaffiliated competitors reset landscape retail ecommerce us dublin april globe newswire retail us report added researchandmarketscoms offeringin september us federal reserve lowered federal funds rate first time since march signalling near end
boom bust taiwan secure energy supplies needs meet hightech aspirations,,"Taiwan in the Indo-Pacific Region hosting Boom or Bust: Can Taiwan Secure the Energy Supplies It Needs to Meet Its High-Tech Aspirations? on Thursday, April 10, 2025 from 2:30-5:30 pm PT at Shultz Au… [+5589 chars]",2025-04-01T00:00:00Z,Hoover.org,0.4,0.0,2025-04-01 00:00:00+00:00,boom bust taiwan secure energy supplies needs meet hightech aspirations 
console gaming market report remakes remasters indie games power future billion console gaming market,dublin april globe newswire strategic intelligence console gaming report added researchandmarketscoms offeringthe global console games market worth billion generate billion according,"Dublin, April 07, 2025 (GLOBE NEWSWIRE) -- The ""Strategic Intelligence: Console Gaming"" report has been added to ResearchAndMarkets.com's offering.
The global console games market was worth $52 bill… [+6182 chars]",2025-04-07T11:06:00Z,GlobeNewswire,0.0,0.15,2025-04-07 11:06:00+00:00,console gaming market report remakes remasters indie games power future billion console gaming market dublin april globe newswire strategic intelligence console gaming report added researchandmarketscoms offeringthe global console games market worth billion generate billion according
dodecanedioic acid market growth trends key players forecasts growing demand highperformance polyamides biodegradable plastics present new opportunities,dublin april globe newswire dodecanedioic acid market size market share application analysis regional outlook growth trends key players competitive strategies forecasts report added researchandmarketsc,"Dublin, April 07, 2025 (GLOBE NEWSWIRE) -- The ""Dodecanedioic Acid Market Size, Market Share, Application Analysis, Regional Outlook, Growth Trends, Key Players, Competitive Strategies and Forecasts,… [+11514 chars]",2025-04-07T14:41:00Z,GlobeNewswire,0.04545454545454545,0.0,2025-04-07 14:41:00+00:00,dodecanedioic acid market growth trends key players forecasts growing demand highperformance polyamides biodegradable plastics present new opportunities dublin april globe newswire dodecanedioic acid market size market share application analysis regional outlook growth trends key players competitive strategies forecasts report added researchandmarketsc
financial automation business analysis report aipowered tools propel growth decisionmaking regulatory compliance requirements drive adoption global market forecast,understand significant growth trajectory tax automation segment expected reach us billion cagr accounting automation segment also set grow cagr analysis period gain insights,"Dublin, April 03, 2025 (GLOBE NEWSWIRE) -- The ""Financial Automation - Global Strategic Business Report"" report has been added to ResearchAndMarkets.com's offering.
The global market for Financial A… [+9260 chars]",2025-04-03T14:23:00Z,GlobeNewswire,0.0,0.1375,2025-04-03 14:23:00+00:00,financial automation business analysis report aipowered tools propel growth decisionmaking regulatory compliance requirements drive adoption global market forecast understand significant growth trajectory tax automation segment expected reach us billion cagr accounting automation segment also set grow cagr analysis period gain insights
directed energy weapons market size surpass usd billion expanding cagr insight partners,directed energy weapons market share major companies operating lockheed martin corporation thales group lharris technologies elbit systems raytheon technologies inc bae systems plc moog inc honeywell aerospace inc boeing rheinmetall ag dir,"US &amp; Canada, April 07, 2025 (GLOBE NEWSWIRE) -- According to a new comprehensive report from The Insight Partners, the Global Directed Energy Weapons Market is observing significant growth owing … [+9202 chars]",2025-04-07T14:42:00Z,GlobeNewswire,0.0,0.0625,2025-04-07 14:42:00+00:00,directed energy weapons market size surpass usd billion expanding cagr insight partners directed energy weapons market share major companies operating lockheed martin corporation thales group lharris technologies elbit systems raytheon technologies inc bae systems plc moog inc honeywell aerospace inc boeing rheinmetall ag dir
kensington acquires one venture capital business,kensington adds ones core expertise national security technologies growing venture capital business toronto kensington capital partners limited kensington today announced acquisition venture capital investment business one,"Kensington adds ONE9s core expertise in National Security technologies to its growing venture capital business
TORONTO Kensington Capital Partners Limited (Kensington) today announced the acquisitio… [+4345 chars]",2025-04-02T10:09:19Z,Financial Post,0.0,-0.07142857142857142,2025-04-02 10:09:19+00:00,kensington acquires one venture capital business kensington adds ones core expertise national security technologies growing venture capital business toronto kensington capital partners limited kensington today announced acquisition venture capital investment business one
industrial noise control system market size skyrockets billion cagr dominated tech giants kejuruteraan semangat maju sdn bhd kohlhauer gmbh netwell noise control insight partners,industrial noise control system market share research includes key company profiles like enoisecontrolkinetics noise control inc usg corp knauf insulation sound seal ventac co ltd siac pte ltd noise barriers artusa industries inc athalye group,"US &amp; Canada, April 03, 2025 (GLOBE NEWSWIRE) -- According to a new comprehensive report from The Insight Partners, the global Industrial Noise Control System Market Size and Forecast (2021 - 2031… [+10580 chars]",2025-04-03T13:05:00Z,GlobeNewswire,0.0,0.2,2025-04-03 13:05:00+00:00,industrial noise control system market size skyrockets billion cagr dominated tech giants kejuruteraan semangat maju sdn bhd kohlhauer gmbh netwell noise control insight partners industrial noise control system market share research includes key company profiles like enoisecontrolkinetics noise control inc usg corp knauf insulation sound seal ventac co ltd siac pte ltd noise barriers artusa industries inc athalye group
cancer therapeutics market reach billion driven metastatic recurrent cancer innovations,report forecasts global market growth billion billion cagr highlighting advances immunotherapy cart cell therapy biomarkerbased personalized medicine report provides indepth analysis ke,"Dublin, April 07, 2025 (GLOBE NEWSWIRE) -- The ""Cancer Therapeutics Market: Emphasis on Recurrent and Metastatic Divisions"" report has been added to ResearchAndMarkets.com's offering.
Both qualitati… [+10857 chars]",2025-04-07T10:19:00Z,GlobeNewswire,0.0,0.0,2025-04-07 10:19:00+00:00,cancer therapeutics market reach billion driven metastatic recurrent cancer innovations report forecasts global market growth billion billion cagr highlighting advances immunotherapy cart cell therapy biomarkerbased personalized medicine report provides indepth analysis ke
philippines construction industry report market grow reach php trillion year forecasts,report provides detailed datacentric analysis construction sector philippines offering comprehensive view market opportunities building infrastructure construction industry country level kpis covering,"Dublin, April 04, 2025 (GLOBE NEWSWIRE) -- The ""Philippines Construction Industry Databook Series - Market Size &amp; Forecast by Value and Volume, Q1 2025 Update"" report has been added to ResearchAn… [+10871 chars]",2025-04-04T09:01:00Z,GlobeNewswire,0.0,0.4,2025-04-04 09:01:00+00:00,philippines construction industry report market grow reach php trillion year forecasts report provides detailed datacentric analysis construction sector philippines offering comprehensive view market opportunities building infrastructure construction industry country level kpis covering
bathroom vanities market size reach us billion indepth research report insight partners,bathroom vanities market share driven surge house construction renovations leading companies market include roxor group ltd bellaterra home llc caesarstone ltd kohler co masterbrand cabinets llc others innovating meet,"US &amp; Canada, April 02, 2025 (GLOBE NEWSWIRE) -- According to a new comprehensive report from The Insight Partners, the global bathroom vanities market is observing significant growth owing to the… [+6567 chars]",2025-04-02T11:28:00Z,GlobeNewswire,0.0,0.0,2025-04-02 11:28:00+00:00,bathroom vanities market size reach us billion indepth research report insight partners bathroom vanities market share driven surge house construction renovations leading companies market include roxor group ltd bellaterra home llc caesarstone ltd kohler co masterbrand cabinets llc others innovating meet
saudi arabia hvac market competition forecast opportunities report,dublin april globe newswire saudi arabia hvac market region competition forecast opportunities f report added researchandmarketscoms offeringsaudi arabias hvac market valued usd billion,"Dublin, April 01, 2025 (GLOBE NEWSWIRE) -- The ""Saudi Arabia HVAC Market, By Region, Competition, Forecast and Opportunities, 2020-2030F"" report has been added to ResearchAndMarkets.com's offering.
… [+6440 chars]",2025-04-01T15:33:00Z,GlobeNewswire,0.0,0.0,2025-04-01 15:33:00+00:00,saudi arabia hvac market competition forecast opportunities report dublin april globe newswire saudi arabia hvac market region competition forecast opportunities f report added researchandmarketscoms offeringsaudi arabias hvac market valued usd billion
spain construction industry report market grow reach billion year forecast,dublin april globe newswire spain construction industry databook series market size forecast value volume q update report added researchandmarketscoms offeringthe construction market spain expected,"Dublin, April 04, 2025 (GLOBE NEWSWIRE) -- The ""Spain Construction Industry Databook Series - Market Size &amp; Forecast by Value and Volume, Q1 2025 Update"" report has been added to ResearchAndMarke… [+10934 chars]",2025-04-04T08:40:00Z,GlobeNewswire,0.0,-0.1,2025-04-04 08:40:00+00:00,spain construction industry report market grow reach billion year forecast dublin april globe newswire spain construction industry databook series market size forecast value volume q update report added researchandmarketscoms offeringthe construction market spain expected
us store cards market analysis forecast report us store cards struggle cobranded bnpl options gain market share,dublin april globe newswire store cards us report added researchandmarketscoms offeringcompetition remains one biggest concerns store cards currently years ahead traditional credit cards,"Dublin, April 04, 2025 (GLOBE NEWSWIRE) -- The ""Store Cards in the US"" report has been added to ResearchAndMarkets.com's offering.
Competition remains one of the biggest concerns for store cards, bo… [+5065 chars]",2025-04-04T08:24:00Z,GlobeNewswire,0.0,0.0,2025-04-04 08:24:00+00:00,us store cards market analysis forecast report us store cards struggle cobranded bnpl options gain market share dublin april globe newswire store cards us report added researchandmarketscoms offeringcompetition remains one biggest concerns store cards currently years ahead traditional credit cards
asia pacific construction industry report year cost structure analysis,dublin april globe newswire asia pacific construction industry databook series market size forecast value volume q update report added researchandmarketscoms offeringthis report provides detailed datace,"Dublin, April 04, 2025 (GLOBE NEWSWIRE) -- The ""Asia Pacific Construction Industry Databook Series - Market Size &amp; Forecast by Value and Volume, Q1 2025 Update"" report has been added to ResearchA… [+10704 chars]",2025-04-04T08:29:00Z,GlobeNewswire,0.0,0.4,2025-04-04 08:29:00+00:00,asia pacific construction industry report year cost structure analysis dublin april globe newswire asia pacific construction industry databook series market size forecast value volume q update report added researchandmarketscoms offeringthis report provides detailed datace
personalized medicine market growth trends transition customized medical care developments bioinformatics genomics growing prevalence chronic diseases,dublin april globe newswire personalized medicine market size share analysis growth trends forecast report report added researchandmarketscoms offeringpersonalized medicine market expected reach us,"Dublin, April 02, 2025 (GLOBE NEWSWIRE) -- The ""Personalized Medicine Market Size and Share Analysis - Growth Trends and Forecast Report 2025-2033"" report has been added to ResearchAndMarkets.com's o… [+11028 chars]",2025-04-02T08:52:00Z,GlobeNewswire,0.0,-0.1,2025-04-02 08:52:00+00:00,personalized medicine market growth trends transition customized medical care developments bioinformatics genomics growing prevalence chronic diseases dublin april globe newswire personalized medicine market size share analysis growth trends forecast report report added researchandmarketscoms offeringpersonalized medicine market expected reach us
used car business report global market surpass billion affordability digital access sustainability drive surge,understand significant growth trajectory used suv segment expected reach billion cagr used sedan segment also set grow cagr analysis period gain insights us market,"Dublin, April 07, 2025 (GLOBE NEWSWIRE) -- The ""Used Car - Global Strategic Business Report"" report has been added to ResearchAndMarkets.com's offering.
The global market for Used Car was valued at … [+6637 chars]",2025-04-07T10:22:00Z,GlobeNewswire,0.0,0.1375,2025-04-07 10:22:00+00:00,used car business report global market surpass billion affordability digital access sustainability drive surge understand significant growth trajectory used suv segment expected reach billion cagr used sedan segment also set grow cagr analysis period gain insights us market
singapore accounting software market report profiles xero quickbooks myob zoho books oracle netsuite volopay sap osome aspire tally solutions,singapore sees promising growth accounting software market amidst ongoing digital transformation singapore sees promising growth accounting software market amidst ongoing digital transformation,"Dublin, April 07, 2025 (GLOBE NEWSWIRE) -- The ""Singapore Accounting Software Market | Growth, Size, Industry, Analysis, Revenue, Value, Companies, Trends, Share &amp; Forecast: Market Forecast By Co… [+9643 chars]",2025-04-07T11:46:00Z,GlobeNewswire,0.0,0.1,2025-04-07 11:46:00+00:00,singapore accounting software market report profiles xero quickbooks myob zoho books oracle netsuite volopay sap osome aspire tally solutions singapore sees promising growth accounting software market amidst ongoing digital transformation singapore sees promising growth accounting software market amidst ongoing digital transformation
leverage shares themes launches three new single stock leveraged etfs bringing investors exciting opportunities amplify exposure square xyz salesforce crm paypal pypl,greenwich conn april globe newswire leverage shares themes issuer innovative exchangetraded products thrilled announce launch three new single stock leveraged etfs available trading starting april,"GREENWICH, Conn., April 04, 2025 (GLOBE NEWSWIRE) -- Leverage Shares by Themes, an issuer of innovative exchange-traded products, is thrilled to announce the launch of three new single stock leverage… [+7396 chars]",2025-04-04T14:00:00Z,GlobeNewswire,0.12164502164502163,0.26082251082251084,2025-04-04 14:00:00+00:00,leverage shares themes launches three new single stock leveraged etfs bringing investors exciting opportunities amplify exposure square xyz salesforce crm paypal pypl greenwich conn april globe newswire leverage shares themes issuer innovative exchangetraded products thrilled announce launch three new single stock leveraged etfs available trading starting april
italy watch market forecast report company analysis featuring fossil casio timex rolex compagnie financiere richemont google citizen watch seiko,italy high demand luxury fashion accessories luxury watches great demand among consumers top luxury watch brands rolex omega italian brands bulgari dominate market affluent consumers favor watches,"Dublin, April 07, 2025 (GLOBE NEWSWIRE) -- The ""Italy Watch Market Size and Share Analysis - Growth Trends and Forecast Report 2025-2033"" report has been added to ResearchAndMarkets.com's offering.
… [+8737 chars]",2025-04-07T14:20:00Z,GlobeNewswire,0.0,0.422,2025-04-07 14:20:00+00:00,italy watch market forecast report company analysis featuring fossil casio timex rolex compagnie financiere richemont google citizen watch seiko italy high demand luxury fashion accessories luxury watches great demand among consumers top luxury watch brands rolex omega italian brands bulgari dominate market affluent consumers favor watches
billion green water treatment chemicals market analysis report forecast reach billion led kemira veolia ecolab kurita solenis,dublin april globe newswire green water treatment chemicals market type coagulant flocculants corrosion scale inhibitors biocides disinfectants source plant animal mineral application enduse industry municipal indust,"Dublin, April 01, 2025 (GLOBE NEWSWIRE) -- The ""Green Water Treatment Chemicals Market by Type (Coagulant &amp; Flocculants, Corrosion &amp; Scale Inhibitors, Biocides &amp; Disinfectants), Source (P… [+9198 chars]",2025-04-01T08:06:00Z,GlobeNewswire,-0.2,-0.2,2025-04-01 08:06:00+00:00,billion green water treatment chemicals market analysis report forecast reach billion led kemira veolia ecolab kurita solenis dublin april globe newswire green water treatment chemicals market type coagulant flocculants corrosion scale inhibitors biocides disinfectants source plant animal mineral application enduse industry municipal indust
tax tech market report wolters kluwer hr block avalara vertex thomson reuters sap adp sovos intuit xero taxbit taxact taxslayer token tax taxjar picnic tax,dublin april globe newswire tax tech market tax compliance reporting vatgst compliance tax analytics aidriven solutions predictive analytics aipowered tax audits risk assessment tax workflow document management tax,"Dublin, April 07, 2025 (GLOBE NEWSWIRE) -- The ""Tax Tech Market by Tax Compliance &amp; Reporting (VAT/GST Compliance), Tax Analytics &amp; AI-Driven Solutions (Predictive Analytics, AI-Powered Tax A… [+10047 chars]",2025-04-07T08:18:00Z,GlobeNewswire,0.0,0.0,2025-04-07 08:18:00+00:00,tax tech market report wolters kluwer hr block avalara vertex thomson reuters sap adp sovos intuit xero taxbit taxact taxslayer token tax taxjar picnic tax dublin april globe newswire tax tech market tax compliance reporting vatgst compliance tax analytics aidriven solutions predictive analytics aipowered tax audits risk assessment tax workflow document management tax
middle east construction industry databook residential commercial industrial institutional market size forecast value volume,dublin april globe newswire middle east construction industry databook series market size forecast value volume q update report added researchandmarketscoms offeringthis report provides detailed datacen,"Dublin, April 07, 2025 (GLOBE NEWSWIRE) -- The ""Middle East Construction Industry Databook Series - Market Size &amp; Forecast by Value and Volume, Q1 2025 Update"" report has been added to ResearchAn… [+10665 chars]",2025-04-07T13:41:00Z,GlobeNewswire,0.0,0.2,2025-04-07 13:41:00+00:00,middle east construction industry databook residential commercial industrial institutional market size forecast value volume dublin april globe newswire middle east construction industry databook series market size forecast value volume q update report added researchandmarketscoms offeringthis report provides detailed datacen
latest global synthetic polyisoprene rubber market sizeshare worth usd billion cagr custom market insights analysis outlook leaders report trends forecast segmentation growth growth rate value,pages latest report according market research study published custom market insights demand analysis global synthetic polyisoprene rubber market size share revenue valued approximately usd billion expected,"Austn, TX, USA, April 07, 2025 (GLOBE NEWSWIRE) -- Custom Market Insights has published a new research report titled Synthetic Polyisoprene Rubber Market Size, Trends and Insights By Product Type (St… [+28707 chars]",2025-04-07T15:30:00Z,GlobeNewswire,0.26666666666666666,-6.938893903907228e-18,2025-04-07 15:30:00+00:00,latest global synthetic polyisoprene rubber market sizeshare worth usd billion cagr custom market insights analysis outlook leaders report trends forecast segmentation growth growth rate value pages latest report according market research study published custom market insights demand analysis global synthetic polyisoprene rubber market size share revenue valued approximately usd billion expected
shareholders meeting agenda proactive board oversight amid significant uncertainty change,board directors enter proxy season backdrop significant change broad scale supply chains business operations continue see impact mounting geopolitical tensions changing trade tariff tax policies ongoing pr,"Board directors once again enter proxy season against a backdrop of significant change. On a broad scale, supply chains and business operations continue to see impact from mounting geopolitical tensi… [+25979 chars]",2025-04-07T13:33:29Z,Harvard School of Engineering and Applied Sciences,0.375,0.21875,2025-04-07 13:33:29+00:00,shareholders meeting agenda proactive board oversight amid significant uncertainty change board directors enter proxy season backdrop significant change broad scale supply chains business operations continue see impact mounting geopolitical tensions changing trade tariff tax policies ongoing pr
latest global water filtration systems market sizeshare worth usd billion cagr custom market insights analysis outlook leaders report trends forecast segmentation growth growth rate value,pages latest report according market research study published custom market insights demand analysis global water filtration systems market size share revenue valued approximately usd billion expected,"Austin, TX, USA, April 02, 2025 (GLOBE NEWSWIRE) -- Custom Market Insights has published a new research report titled Water Filtration Systems Market Size, Trends and Insights By Product Type (RO Fil… [+25591 chars]",2025-04-02T08:30:00Z,GlobeNewswire,0.26666666666666666,-6.938893903907228e-18,2025-04-02 08:30:00+00:00,latest global water filtration systems market sizeshare worth usd billion cagr custom market insights analysis outlook leaders report trends forecast segmentation growth growth rate value pages latest report according market research study published custom market insights demand analysis global water filtration systems market size share revenue valued approximately usd billion expected
